{
    "train_losses": [
        4.857508659362793,
        3.90153112411499,
        3.670786142349243,
        3.4582568168640138,
        3.344625377655029
    ],
    "valid_losses": [
        3.9808191299438476,
        3.6050060272216795,
        3.3715653896331785,
        3.094915771484375,
        3.0093492031097413
    ],
    "training_times": [
        0.4499397277832031,
        0.41436195373535156,
        0.4069325923919678,
        0.405928373336792,
        0.3724370002746582
    ],
    "best_valid_loss": 3.0093492031097413,
    "total_training_time": 2.0495996475219727,
    "test_loss": 3.0093492031097413
}