{
    "train_losses": [
        4.304934883117676,
        3.8072983741760256,
        3.5984775543212892,
        3.5380085945129394,
        3.2962066173553466
    ],
    "valid_losses": [
        3.822201442718506,
        3.5619460582733153,
        3.392288064956665,
        3.2666904449462892,
        3.1821075439453126
    ],
    "training_times": [
        0.1288926601409912,
        0.1117100715637207,
        0.11459732055664062,
        0.11678171157836914,
        0.11800670623779297
    ],
    "best_valid_loss": 3.1821075439453126,
    "total_training_time": 0.5899884700775146,
    "test_loss": 3.1821075439453126
}