{
    "train_losses": [
        4.927638816833496,
        4.821957683563232,
        4.272018718719482,
        3.8602128505706785,
        3.5566288471221923
    ],
    "valid_losses": [
        5.073775100708008,
        4.372865772247314,
        3.720203161239624,
        3.501168441772461,
        3.2636742115020754
    ],
    "training_times": [
        0.45443081855773926,
        0.4076061248779297,
        0.38672351837158203,
        0.37972259521484375,
        0.37908172607421875
    ],
    "best_valid_loss": 3.2636742115020754,
    "total_training_time": 2.0075647830963135,
    "test_loss": 3.2636742115020754
}