{
    "train_losses": [
        4.9936295509338375,
        4.109850549697876,
        4.041740369796753,
        3.392975187301636,
        3.4151678562164305
    ],
    "valid_losses": [
        4.407037925720215,
        3.9169285774230955,
        3.199435806274414,
        3.414562129974365,
        2.997166872024536
    ],
    "training_times": [
        0.45030999183654785,
        0.41178059577941895,
        0.36742401123046875,
        0.3740508556365967,
        0.3682217597961426
    ],
    "best_valid_loss": 2.997166872024536,
    "total_training_time": 1.9717872142791748,
    "test_loss": 2.997166872024536
}